{"initial_reset_timestamp": 1554482165.295687, "timestamps": [1554482172.3766348, 1554482178.416955], "episode_lengths": [234, 199], "episode_rewards": [3.0, 2.0], "episode_types": ["t", "t", "t"]}