{"initial_reset_timestamp": 1554482166.2396832, "timestamps": [1554482171.236362, 1554482175.151724, 1554482181.59953], "episode_lengths": [170, 129, 222], "episode_rewards": [1.0, 0.0, 2.0], "episode_types": ["t", "t", "t", "t"]}