{"initial_reset_timestamp": 1554482164.298667, "timestamps": [1554482171.962925, 1554482175.841354, 1554482181.4931352], "episode_lengths": [251, 125, 204], "episode_rewards": [3.0, 0.0, 2.0], "episode_types": ["t", "t", "t", "t"]}