{"initial_reset_timestamp": 1554482162.1932092, "timestamps": [1554482164.639333, 1554482169.916617, 1554482173.6388638, 1554482178.064178, 1554482181.290059], "episode_lengths": [127, 180, 128, 158, 125], "episode_rewards": [0.0, 2.0, 0.0, 1.0, 0.0], "episode_types": ["t", "t", "t", "t", "t", "t"]}