{"initial_reset_timestamp": 1554482161.2150881, "timestamps": [1554482168.0140622, 1554482174.8498719, 1554482181.0447161], "episode_lengths": [252, 217, 207], "episode_rewards": [3.0, 3.0, 2.0], "episode_types": ["t", "t", "t", "t"]}