{"initial_reset_timestamp": 1554482163.2566788, "timestamps": [1554482166.811881, 1554482170.7645829, 1554482174.205195, 1554482178.170711], "episode_lengths": [170, 133, 130, 156], "episode_rewards": [1.0, 0.0, 0.0, 1.0], "episode_types": ["t", "t", "t", "t", "t"]}