{"initial_reset_timestamp": 1554482167.265333, "timestamps": [1554482172.78739, 1554482176.170669, 1554482180.4135091], "episode_lengths": [181, 125, 156], "episode_rewards": [2.0, 0.0, 1.0], "episode_types": ["t", "t", "t", "t"]}